No,Nama Lokasi,Alamat,Luas,Kapasitas,Keterangan,Nomor Telpon,Latitude,Longitude
1,BPBD Kabupaten Cilacap,"Jl. Swadaya No.20, Pendowo, Tambakreja, Kec. Cilacap Sel., Kabupaten Cilacap, Jawa Tengah 53211",132,460,Lantai 2,533520,-7.7073066,109.0245567
2,SMP N 1 Cilacap,"Jl. Jend. Ahmad Yani No.15, Bonduren, Tambakreja, Kec. Cilacap Sel., Kabupaten Cilacap, Jawa Tengah 53211",1491,970,Lantai 1 - 4,531133,-7.7382637,109.0045365
3,Politeknik Negeri Cilacap,"Jalan Dokter Soetomo No.1, Karangcengis, Sidakaya, Kec. Cilacap Sel., Kabupaten Cilacap, Jawa Tengah 53212",5292,17640,Lantai 3 + Lantai 4,520717,-7.7073066,109.0245567
4,RSUD Cilacap,"Jl. Gatot Subroto No.28, Tambaksari, Sidanegara, Kec. Cilacap Tengah, Kabupaten Cilacap, Jawa Tengah 53223",0,600,Lantai 2,535233,-7.7172811,109.01272
5,Akbid Graha Mandiri,"Jalan Dokter Soetomo No:4 - B, Sidakaya Dua, Sidakaya, Kec. Cilacap Sel., Kabupaten Cilacap, Jawa Tengah 52530",560,1866,Lantai 2,534908,-7.7172544,109.0049714
6,Asrama Putri Stikes Al-Irsyad,"Jl.kinibalu,Sidanegara, Cilacap Tengah, Wanasari, Sidanegara, Kec. Cilacap Tengah, Kabupaten Cilacap, Jawa Tengah 53212",1700,5333,Lantai 2 + Lantai 3,5253465,-7.7118733,109.0176178
7,SD Al-Irsyad 01,"Jl. Jend. Sudirman No.56, Kandang Macan, Tegalreja, Kec. Cilacap Sel., Kabupaten Cilacap, Jawa Tengah 53212",1221,4070,Lantai 2 + Lantai 3,535859,-7.727615,109.0035234
8,Rusunawa,"Karangmulia, Tegalkamulyan, Kec. Cilacap Sel., Kabupaten Cilacap, Jawa Tengah",886,2953,Lantai 3,533635,-7.7275883,108.9957718
9,AMN Cilacap,"Jl. Kendeng No.307, Rawapasung, Sidanegara, Kec. Cilacap Tengah, Kabupaten Cilacap, Jawa Tengah 53223",1344,4480,Lantai 2- Lantai 8,5070154,-7.7034604,109.0174915
10,RSI Fatimah,"Jl. Ir. H. Juanda No.20, Amiranom, Kebonmanis, Kec. Cilacap Utara, Kabupaten Cilacap, Jawa Tengah 53224",490,1633,Lantai 2,542396,-7.6922862,109.0224392
11,Badan Diklat Arsip dan Perpusd,"Jl. Jend. Sudirman No.12, Cilacap, Sidanegara, Kec. Cilacap Tengah, Kabupaten Cilacap, Jawa Tengah 53283",736,2453,Lantai 2,521183,-7.7245819,109.0064168
12,DPRD Kabupaten Cilacap,"Jl. Jend. Sudirman No.52, Kandang Macan, Tegalreja, Kec. Cilacap Sel., Kabupaten Cilacap, Jawa Tengah 53212",2150,7166,Lantai 2,533003,-7.7277717,109.0037967
13,SMP Pius Cilacap,"Sidakaya Satu, Tambakreja, Kec. Cilacap Sel., Kabupaten Cilacap, Jawa Tengah 53213",256,853,Lantai 2,534285,-7.7361587,109.0071493
14,SMP Negeri 3 Cilacap,"Jl. Letnan Jend. Suprapto No.63, Kandang Macan, Tegalreja, Kec. Cilacap Selatan, Kabupaten Cilacap, Jawa Tengah",700,2333,Lantai 2,533714,-7.7280265,108.9988535
15,SMP Purnama 1 Cilacap,"Jalan Dokter Soetomo No.144, Sidakaya Dua, Sidakaya, Kec. Cilacap Sel., Kabupaten Cilacap, Jawa Tengah 53211",350,1166,Lantai 2,535092,-7.7239221,109.0144389
16,SMP Negeri 2 Cilacap,"Jl. DI Panjaitan 31-45, Kandang Macan, Tegalreja, Kec. Cilacap Sel., Kabupaten Cilacap, Jawa Tengah 53213",1015,3383,Lantai 2,533866,-7.7236237,109.0029667
17,Masjid Al-Jihad,"Jl. Urip Sumoharjo, Cilumpang, Gumilir, Kec. Cilacap Utara, Kabupaten Cilacap, Jawa Tengah 53232",144,480,Lantai 2,543624,-7.682238,109.0453877
18,SMA Negeri 1 Cilacap,"Jl. MT. Haryono No. 730, Tegalreja, Cilacap, Pasiran, Donan, Kec. Cilacap Tengah, Jawa Tengah, 53213",1371,4570,Lantai 2,533765,-7.714174,109.0028542
19,RSU Santa Maria Cilacap,"Jl. Jend. Ahmad Yani No.38, Sidakaya Satu, Sidakaya, Kec. Cilacap Sel., Kabupaten Cilacap, Jawa Tengah 53211",180,600,Lantai 2,0,-7.7354254,109.0071097
20,Kantor Kelurahan Mertasinga,"Jl. Urip Sumoharjo No.89, Limbangan, Mertasinga, Kec. Cilacap Utara, Kabupaten Cilacap, Jawa Tengah 53274",200,666,Lantai 2,541427,-7.6783833,109.0529524
21,Gedung Golkar,"Jl. Perwira, Cilacap, Sidanegara, Kec. Cilacap Tengah, Kabupaten Cilacap, Jawa Tengah 53212",450,1500,Lantai 2,531782,-7.7236855,109.0081491
22,SMA Sri Mukti Cilacap,"Jl. Bawean No.293, Klempang, Gunungsimping, Kec. Cilacap Tengah, Kabupaten Cilacap, Jawa Tengah 53212",756,2520,Lantai 2 dan Lantai 3,534415,-7.7082609,109.0192021
23,SMP Muhammadiyah 1,"Jl. Letnan Jend. Suprapto No.63, Pasiran, Tegalreja, Kec. Cilacap Sel., Kabupaten Cilacap, Jawa Tengah 53214",960,3200,Lantai 2,533748,-7.7206167,109.0046329
24,SMP Muhammadiyah 2,"Jl. Damar No.14, Rawagaru Wetan, Tritih Kulon, Kec. Cilacap Utara, Kabupaten Cilacap, Jawa Tengah 53231",392,1306,Lantai 2,541303,-7.6812697,109.0347123
25,SMP PGRI 1 Cilacap,"Jl. Rama, Trajumas, Gumilir, Kec. Cilacap Utara, Kabupaten Cilacap, Jawa Tengah 53231",546,1820,Lantai 2,540994,-7.6860033,109.0430362,
26,SMP Purnama 2 Cilacap,"Jl. DI Panjaitan No.35, RT.04/RW.05, Gobok, Donan, Kec. Cilacap Tengah, Kabupaten Cilacap, Jawa Tengah 53211",700,1166,Lantai 2,532264,-7.7239261,109.0029285
27,SMP Negeri 8 Cilacap,"Jl. Jend. Sudirman No.29, Sidakaya Dua, Sidakaya, Kec. Cilacap Sel., Kabupaten Cilacap, Jawa Tengah 53121",702,2340,Lantai 2,534121,-7.7280139,109.0083419
28,SMK YPE Cilacap,"Jalan Doktor Soetomo No. 8, Sidanegara, Cilacap Tengah, Cilacap, Sidanegara, Kec. Cilacap Tengah, Kabupaten Cilacap, Jawa Tengah",1008,3360,Lantai 2,531809,-7.7266145,109.0130615
29,SMP Negeri 4 Cilacap,"Jalan Dr. Sutomo No. 13, Rawasrengseng, Sidanegara, Kec. Cilacap Tengah, Kabupaten Cilacap, Jawa Tengah 53211",857,2856,Lantai 2,533254,-7.7138696,109.019697
30,SMP Negeri 6 Cilacap,"Jl. Rinjani, Perumahan Pertamina, Sidanegara, Kec. Cilacap Tengah, Kabupaten Cilacap, Jawa Tengah 53212",0,440,Lantai 2,542743,-7.7109372,109.0103384
31,SD Negeri Tegalreja 01,"Jl. MT. Haryono 56-54, Pasiran, Tegalreja, Kec. Cilacap Sel., Kabupaten Cilacap, Jawa Tengah 53213",339,1130,Lantai 2,537461,-7.7149158,109.001287
32,SMA Al-Irsyad Cilacap,"Jl. Jend. Sudirman No.70, Gobok, Donan, Kec. Cilacap Tengah, Kabupaten Cilacap, Jawa Tengah 53213",1240,4130,Lantai 2,521528,-7.7276408,109.0019196
33,Masjid Agung Darussalam,"Cilacap, Sidanegara, Kec. Cilacap Tengah, Kabupaten Cilacap, Jawa Tengah 53212",325,975,Lantai 2,53343,-7.7275341,109.0060228
34,Hotel Mutiara,"Jl. Gatot Subroto No.136, Wanasari, Gunungsimping, Kec. Cilacap Tengah, Kabupaten Cilacap, Jawa Tengah 53224",300,900,Lantai 2,531545,-7.7202978,109.0068106
35,PMI Cilacap,"Jl. Urip Sumoharjo No.174, Cilumpang, Gumilir, North Cilacap, Cilacap Regency, Central Java 53274",324,1080,Lantai 2,542201,-7.682567,109.0421451
